{"v":"5.6.3","fr":60,"ip":0,"op":180,"w":1600,"h":1200,"nm":"emoji","ddd":0,"assets":[{"id":"comp_0","layers":[{"ddd":0,"ind":1,"ty":0,"nm":"xiao","refId":"comp_1","sr":1,"ks":{"o":{"a":0,"k":100,"ix":11},"r":{"a":0,"k":0,"ix":10},"p":{"a":1,"k":[{"i":{"x":0.833,"y":0.833},"o":{"x":0.167,"y":0.167},"t":0,"s":[800,600,0],"e":[760,600,0],"to":[-6.667,0,0],"ti":[0,0,0]},{"i":{"x":0.999,"y":1},"o":{"x":0.167,"y":0.167},"t":15,"s":[760,600,0],"e":[800,600,0],"to":[0,0,0],"ti":[-7.435,0,0]},{"i":{"x":0.5,"y":1},"o":{"x":0.001,"y":0},"t":30,"s":[800,600,0],"e":[804.611,600,0],"to":[7.435,0,0],"ti":[0.145,0,0]},{"i":{"x":0.5,"y":1},"o":{"x":0.5,"y":0},"t":36.25,"s":[804.611,600,0],"e":[799.129,600,0],"to":[-0.145,0,0],"ti":[0.769,0,0]},{"i":{"x":0.833,"y":0.833},"o":{"x":0.5,"y":0},"t":48.75,"s":[799.129,600,0],"e":[800,600,0],"to":[-0.769,0,0],"ti":[-0.145,0,0]},{"i":{"x":0.833,"y":0.833},"o":{"x":0.167,"y":0.167},"t":60,"s":[800,600,0],"e":[800,600,0],"to":[0,0,0],"ti":[0,0,0]},{"t":90}],"ix":2},"a":{"a":0,"k":[350,350,0],"ix":1},"s":{"a":1,"k":[{"i":{"x":[0.833,0.833,0.833],"y":[0.833,0.833,0.833]},"o":{"x":[0.167,0.167,0.167],"y":[0.167,0.167,0.167]},"t":0,"s":[100,100,100],"e":[2,100,100]},{"i":{"x":[0.999,0.999,0.999],"y":[1,1,1]},"o":{"x":[0.167,0.167,0.167],"y":[0.167,0,0]},"t":15,"s":[2,100,100],"e":[100,100,100]},{"i":{"x":[0.5,0.5,0.5],"y":[1,1,1]},"o":{"x":[0.001,0.001,0.001],"y":[0,0,0]},"t":30,"s":[100,100,100],"e":[111.298,100,100]},{"i":{"x":[0.5,0.5,0.5],"y":[1,1,1]},"o":{"x":[0.5,0.5,0.5],"y":[0,0,0]},"t":36.25,"s":[111.298,100,100],"e":[97.866,100,100]},{"i":{"x":[0.833,0.833,0.833],"y":[0.833,1,1]},"o":{"x":[0.5,0.5,0.5],"y":[0,0,0]},"t":48.75,"s":[97.866,100,100],"e":[100,100,100]},{"i":{"x":[0.833,0.833,0.833],"y":[0.833,0.833,0.833]},"o":{"x":[0.167,0.167,0.167],"y":[0.167,0.167,0.167]},"t":60,"s":[100,100,100],"e":[100,100,100]},{"t":90}],"ix":6}},"ao":0,"w":701,"h":701,"ip":0,"op":16,"st":0,"bm":0},{"ddd":0,"ind":2,"ty":0,"nm":"mojing 2","refId":"comp_2","sr":1,"ks":{"o":{"a":0,"k":100,"ix":11},"r":{"a":0,"k":0,"ix":10},"p":{"a":1,"k":[{"i":{"x":0.833,"y":0.833},"o":{"x":0.167,"y":0.167},"t":0,"s":[800,600,0],"e":[840,600,0],"to":[6.667,0,0],"ti":[0,0,0]},{"i":{"x":0.999,"y":1},"o":{"x":0.167,"y":0.167},"t":15,"s":[840,600,0],"e":[800,600,0],"to":[0,0,0],"ti":[7.435,0,0]},{"i":{"x":0.5,"y":1},"o":{"x":0.001,"y":0},"t":30,"s":[800,600,0],"e":[795.389,600,0],"to":[-7.435,0,0],"ti":[-0.145,0,0]},{"i":{"x":0.5,"y":1},"o":{"x":0.5,"y":0},"t":36.25,"s":[795.389,600,0],"e":[800.871,600,0],"to":[0.145,0,0],"ti":[-0.769,0,0]},{"i":{"x":0.833,"y":0.833},"o":{"x":0.5,"y":0},"t":48.75,"s":[800.871,600,0],"e":[800,600,0],"to":[0.769,0,0],"ti":[0.145,0,0]},{"i":{"x":0.833,"y":0.833},"o":{"x":0.167,"y":0.167},"t":60,"s":[800,600,0],"e":[800,600,0],"to":[0,0,0],"ti":[0,0,0]},{"i":{"x":0.833,"y":0.833},"o":{"x":0.167,"y":0.167},"t":90,"s":[800,600,0],"e":[760,600,0],"to":[-6.667,0,0],"ti":[0,0,0]},{"i":{"x":0.999,"y":1},"o":{"x":0.167,"y":0.167},"t":105,"s":[760,600,0],"e":[800,600,0],"to":[0,0,0],"ti":[-7.435,0,0]},{"i":{"x":0.5,"y":1},"o":{"x":0.001,"y":0},"t":120,"s":[800,600,0],"e":[804.611,600,0],"to":[7.435,0,0],"ti":[0.145,0,0]},{"i":{"x":0.5,"y":1},"o":{"x":0.5,"y":0},"t":126.25,"s":[804.611,600,0],"e":[799.129,600,0],"to":[-0.145,0,0],"ti":[0.769,0,0]},{"i":{"x":0.833,"y":0.833},"o":{"x":0.5,"y":0},"t":138.75,"s":[799.129,600,0],"e":[800,600,0],"to":[-0.769,0,0],"ti":[-0.145,0,0]},{"t":150}],"ix":2},"a":{"a":0,"k":[350,350,0],"ix":1},"s":{"a":1,"k":[{"i":{"x":[0.833,0.833,0.833],"y":[0.833,0.833,0.833]},"o":{"x":[0.167,0.167,0.167],"y":[0.167,0.167,0.167]},"t":0,"s":[100,100,100],"e":[2,100,100]},{"i":{"x":[0.999,0.999,0.999],"y":[1,1,1]},"o":{"x":[0.167,0.167,0.167],"y":[0.167,0,0]},"t":15,"s":[2,100,100],"e":[100,100,100]},{"i":{"x":[0.5,0.5,0.5],"y":[1,1,1]},"o":{"x":[0.001,0.001,0.001],"y":[0,0,0]},"t":30,"s":[100,100,100],"e":[111.298,100,100]},{"i":{"x":[0.5,0.5,0.5],"y":[1,1,1]},"o":{"x":[0.5,0.5,0.5],"y":[0,0,0]},"t":36.25,"s":[111.298,100,100],"e":[97.866,100,100]},{"i":{"x":[0.833,0.833,0.833],"y":[0.833,1,1]},"o":{"x":[0.5,0.5,0.5],"y":[0,0,0]},"t":48.75,"s":[97.866,100,100],"e":[100,100,100]},{"i":{"x":[0.833,0.833,0.833],"y":[0.833,0.833,0.833]},"o":{"x":[0.167,0.167,0.167],"y":[0.167,0.167,0.167]},"t":60,"s":[100,100,100],"e":[100,100,100]},{"i":{"x":[0.833,0.833,0.833],"y":[0.833,0.833,0.833]},"o":{"x":[0.167,0.167,0.167],"y":[0.167,0.167,0.167]},"t":90,"s":[100,100,100],"e":[2,100,100]},{"i":{"x":[0.999,0.999,0.999],"y":[1,1,1]},"o":{"x":[0.167,0.167,0.167],"y":[0.167,0,0]},"t":105,"s":[2,100,100],"e":[100,100,100]},{"i":{"x":[0.5,0.5,0.5],"y":[1,1,1]},"o":{"x":[0.001,0.001,0.001],"y":[0,0,0]},"t":120,"s":[100,100,100],"e":[111.298,100,100]},{"i":{"x":[0.5,0.5,0.5],"y":[1,1,1]},"o":{"x":[0.5,0.5,0.5],"y":[0,0,0]},"t":126.25,"s":[111.298,100,100],"e":[97.866,100,100]},{"i":{"x":[0.833,0.833,0.833],"y":[0.833,1,1]},"o":{"x":[0.5,0.5,0.5],"y":[0,0,0]},"t":138.75,"s":[97.866,100,100],"e":[100,100,100]},{"t":150}],"ix":6}},"ao":0,"w":701,"h":701,"ip":15,"op":105,"st":0,"bm":0},{"ddd":0,"ind":3,"ty":0,"nm":"xiao","refId":"comp_1","sr":1,"ks":{"o":{"a":0,"k":100,"ix":11},"r":{"a":0,"k":0,"ix":10},"p":{"a":1,"k":[{"i":{"x":0.833,"y":0.833},"o":{"x":0.167,"y":0.167},"t":90,"s":[800,600,0],"e":[840,600,0],"to":[6.667,0,0],"ti":[0,0,0]},{"i":{"x":0.999,"y":1},"o":{"x":0.167,"y":0.167},"t":105,"s":[840,600,0],"e":[800,600,0],"to":[0,0,0],"ti":[7.435,0,0]},{"i":{"x":0.5,"y":1},"o":{"x":0.001,"y":0},"t":120,"s":[800,600,0],"e":[795.389,600,0],"to":[-7.435,0,0],"ti":[-0.145,0,0]},{"i":{"x":0.5,"y":1},"o":{"x":0.5,"y":0},"t":126.25,"s":[795.389,600,0],"e":[800.871,600,0],"to":[0.145,0,0],"ti":[-0.769,0,0]},{"i":{"x":0.833,"y":0.833},"o":{"x":0.5,"y":0},"t":138.75,"s":[800.871,600,0],"e":[800,600,0],"to":[0.769,0,0],"ti":[0.145,0,0]},{"t":150}],"ix":2},"a":{"a":0,"k":[350,350,0],"ix":1},"s":{"a":1,"k":[{"i":{"x":[0.833,0.833,0.833],"y":[0.833,0.833,0.833]},"o":{"x":[0.167,0.167,0.167],"y":[0.167,0.167,0.167]},"t":90,"s":[100,100,100],"e":[2,100,100]},{"i":{"x":[0.999,0.999,0.999],"y":[1,1,1]},"o":{"x":[0.167,0.167,0.167],"y":[0.167,0,0]},"t":105,"s":[2,100,100],"e":[100,100,100]},{"i":{"x":[0.5,0.5,0.5],"y":[1,1,1]},"o":{"x":[0.001,0.001,0.001],"y":[0,0,0]},"t":120,"s":[100,100,100],"e":[111.298,100,100]},{"i":{"x":[0.5,0.5,0.5],"y":[1,1,1]},"o":{"x":[0.5,0.5,0.5],"y":[0,0,0]},"t":126.25,"s":[111.298,100,100],"e":[97.866,100,100]},{"i":{"x":[0.833,0.833,0.833],"y":[0.833,1,1]},"o":{"x":[0.5,0.5,0.5],"y":[0,0,0]},"t":138.75,"s":[97.866,100,100],"e":[100,100,100]},{"t":150}],"ix":6}},"ao":0,"w":701,"h":701,"ip":105,"op":194,"st":0,"bm":0},{"ddd":0,"ind":4,"ty":0,"nm":"huang","refId":"comp_4","sr":1,"ks":{"o":{"a":0,"k":100,"ix":11},"r":{"a":0,"k":0,"ix":10},"p":{"a":1,"k":[{"i":{"x":0.833,"y":0.833},"o":{"x":0.167,"y":0.167},"t":90,"s":[800,600,0],"e":[840,600,0],"to":[6.667,0,0],"ti":[0,0,0]},{"i":{"x":0.999,"y":1},"o":{"x":0.167,"y":0.167},"t":105,"s":[840,600,0],"e":[800,600,0],"to":[0,0,0],"ti":[7.435,0,0]},{"i":{"x":0.5,"y":1},"o":{"x":0.001,"y":0},"t":120,"s":[800,600,0],"e":[795.389,600,0],"to":[-7.435,0,0],"ti":[-0.145,0,0]},{"i":{"x":0.5,"y":1},"o":{"x":0.5,"y":0},"t":126.25,"s":[795.389,600,0],"e":[800.871,600,0],"to":[0.145,0,0],"ti":[-0.769,0,0]},{"i":{"x":0.833,"y":0.833},"o":{"x":0.5,"y":0},"t":138.75,"s":[800.871,600,0],"e":[800,600,0],"to":[0.769,0,0],"ti":[0.145,0,0]},{"t":150}],"ix":2},"a":{"a":0,"k":[350,350,0],"ix":1},"s":{"a":1,"k":[{"i":{"x":[0.833,0.833,0.833],"y":[0.833,0.833,0.833]},"o":{"x":[0.167,0.167,0.167],"y":[0.167,0.167,0.167]},"t":90,"s":[100,100,100],"e":[2,100,100]},{"i":{"x":[0.999,0.999,0.999],"y":[1,1,1]},"o":{"x":[0.167,0.167,0.167],"y":[0.167,0,0]},"t":105,"s":[2,100,100],"e":[100,100,100]},{"i":{"x":[0.5,0.5,0.5],"y":[1,1,1]},"o":{"x":[0.001,0.001,0.001],"y":[0,0,0]},"t":120,"s":[100,100,100],"e":[111.298,100,100]},{"i":{"x":[0.5,0.5,0.5],"y":[1,1,1]},"o":{"x":[0.5,0.5,0.5],"y":[0,0,0]},"t":126.25,"s":[111.298,100,100],"e":[97.866,100,100]},{"i":{"x":[0.833,0.833,0.833],"y":[0.833,1,1]},"o":{"x":[0.5,0.5,0.5],"y":[0,0,0]},"t":138.75,"s":[97.866,100,100],"e":[100,100,100]},{"t":150}],"ix":6}},"ao":0,"w":701,"h":701,"ip":90,"op":105,"st":0,"bm":0},{"ddd":0,"ind":5,"ty":0,"nm":"mojing 3","refId":"comp_4","sr":1,"ks":{"o":{"a":0,"k":100,"ix":11},"r":{"a":0,"k":0,"ix":10},"p":{"a":1,"k":[{"i":{"x":0.833,"y":0.833},"o":{"x":0.167,"y":0.167},"t":0,"s":[800,600,0],"e":[840,600,0],"to":[6.667,0,0],"ti":[0,0,0]},{"i":{"x":0.999,"y":1},"o":{"x":0.167,"y":0.167},"t":15,"s":[840,600,0],"e":[800,600,0],"to":[0,0,0],"ti":[7.435,0,0]},{"i":{"x":0.5,"y":1},"o":{"x":0.001,"y":0},"t":30,"s":[800,600,0],"e":[795.389,600,0],"to":[-7.435,0,0],"ti":[-0.145,0,0]},{"i":{"x":0.5,"y":1},"o":{"x":0.5,"y":0},"t":36.25,"s":[795.389,600,0],"e":[800.871,600,0],"to":[0.145,0,0],"ti":[-0.769,0,0]},{"i":{"x":0.833,"y":0.833},"o":{"x":0.5,"y":0},"t":48.75,"s":[800.871,600,0],"e":[800,600,0],"to":[0.769,0,0],"ti":[0.145,0,0]},{"i":{"x":0.833,"y":0.833},"o":{"x":0.167,"y":0.167},"t":60,"s":[800,600,0],"e":[800,600,0],"to":[0,0,0],"ti":[0,0,0]},{"i":{"x":0.833,"y":0.833},"o":{"x":0.167,"y":0.167},"t":90,"s":[800,600,0],"e":[760,600,0],"to":[-6.667,0,0],"ti":[0,0,0]},{"i":{"x":0.999,"y":1},"o":{"x":0.167,"y":0.167},"t":105,"s":[760,600,0],"e":[800,600,0],"to":[0,0,0],"ti":[-7.435,0,0]},{"i":{"x":0.5,"y":1},"o":{"x":0.001,"y":0},"t":120,"s":[800,600,0],"e":[804.611,600,0],"to":[7.435,0,0],"ti":[0.145,0,0]},{"i":{"x":0.5,"y":1},"o":{"x":0.5,"y":0},"t":126.25,"s":[804.611,600,0],"e":[799.129,600,0],"to":[-0.145,0,0],"ti":[0.769,0,0]},{"i":{"x":0.833,"y":0.833},"o":{"x":0.5,"y":0},"t":138.75,"s":[799.129,600,0],"e":[800,600,0],"to":[-0.769,0,0],"ti":[-0.145,0,0]},{"t":150}],"ix":2},"a":{"a":0,"k":[350,350,0],"ix":1},"s":{"a":1,"k":[{"i":{"x":[0.833,0.833,0.833],"y":[0.833,0.833,0.833]},"o":{"x":[0.167,0.167,0.167],"y":[0.167,0.167,0.167]},"t":0,"s":[100,100,100],"e":[2,100,100]},{"i":{"x":[0.999,0.999,0.999],"y":[1,1,1]},"o":{"x":[0.167,0.167,0.167],"y":[0.167,0,0]},"t":15,"s":[2,100,100],"e":[100,100,100]},{"i":{"x":[0.5,0.5,0.5],"y":[1,1,1]},"o":{"x":[0.001,0.001,0.001],"y":[0,0,0]},"t":30,"s":[100,100,100],"e":[111.298,100,100]},{"i":{"x":[0.5,0.5,0.5],"y":[1,1,1]},"o":{"x":[0.5,0.5,0.5],"y":[0,0,0]},"t":36.25,"s":[111.298,100,100],"e":[97.866,100,100]},{"i":{"x":[0.833,0.833,0.833],"y":[0.833,1,1]},"o":{"x":[0.5,0.5,0.5],"y":[0,0,0]},"t":48.75,"s":[97.866,100,100],"e":[100,100,100]},{"i":{"x":[0.833,0.833,0.833],"y":[0.833,0.833,0.833]},"o":{"x":[0.167,0.167,0.167],"y":[0.167,0.167,0.167]},"t":60,"s":[100,100,100],"e":[100,100,100]},{"i":{"x":[0.833,0.833,0.833],"y":[0.833,0.833,0.833]},"o":{"x":[0.167,0.167,0.167],"y":[0.167,0.167,0.167]},"t":90,"s":[100,100,100],"e":[2,100,100]},{"i":{"x":[0.999,0.999,0.999],"y":[1,1,1]},"o":{"x":[0.167,0.167,0.167],"y":[0.167,0,0]},"t":105,"s":[2,100,100],"e":[100,100,100]},{"i":{"x":[0.5,0.5,0.5],"y":[1,1,1]},"o":{"x":[0.001,0.001,0.001],"y":[0,0,0]},"t":120,"s":[100,100,100],"e":[111.298,100,100]},{"i":{"x":[0.5,0.5,0.5],"y":[1,1,1]},"o":{"x":[0.5,0.5,0.5],"y":[0,0,0]},"t":126.25,"s":[111.298,100,100],"e":[97.866,100,100]},{"i":{"x":[0.833,0.833,0.833],"y":[0.833,1,1]},"o":{"x":[0.5,0.5,0.5],"y":[0,0,0]},"t":138.75,"s":[97.866,100,100],"e":[100,100,100]},{"t":150}],"ix":6}},"ao":0,"w":701,"h":701,"ip":105,"op":600,"st":0,"bm":0},{"ddd":0,"ind":6,"ty":0,"nm":"mojing","refId":"comp_4","sr":1,"ks":{"o":{"a":0,"k":100,"ix":11},"r":{"a":0,"k":0,"ix":10},"p":{"a":1,"k":[{"i":{"x":0.833,"y":0.833},"o":{"x":0.167,"y":0.167},"t":0,"s":[800,600,0],"e":[840,600,0],"to":[6.667,0,0],"ti":[0,0,0]},{"i":{"x":0.999,"y":1},"o":{"x":0.167,"y":0.167},"t":15,"s":[840,600,0],"e":[800,600,0],"to":[0,0,0],"ti":[7.435,0,0]},{"i":{"x":0.5,"y":1},"o":{"x":0.001,"y":0},"t":30,"s":[800,600,0],"e":[795.389,600,0],"to":[-7.435,0,0],"ti":[-0.145,0,0]},{"i":{"x":0.5,"y":1},"o":{"x":0.5,"y":0},"t":36.25,"s":[795.389,600,0],"e":[800.871,600,0],"to":[0.145,0,0],"ti":[-0.769,0,0]},{"i":{"x":0.833,"y":0.833},"o":{"x":0.5,"y":0},"t":48.75,"s":[800.871,600,0],"e":[800,600,0],"to":[0.769,0,0],"ti":[0.145,0,0]},{"i":{"x":0.833,"y":0.833},"o":{"x":0.167,"y":0.167},"t":60,"s":[800,600,0],"e":[800,600,0],"to":[0,0,0],"ti":[0,0,0]},{"t":90}],"ix":2},"a":{"a":0,"k":[350,350,0],"ix":1},"s":{"a":1,"k":[{"i":{"x":[0.833,0.833,0.833],"y":[0.833,0.833,0.833]},"o":{"x":[0.167,0.167,0.167],"y":[0.167,0.167,0.167]},"t":0,"s":[100,100,100],"e":[2,100,100]},{"i":{"x":[0.999,0.999,0.999],"y":[1,1,1]},"o":{"x":[0.167,0.167,0.167],"y":[0.167,0,0]},"t":15,"s":[2,100,100],"e":[100,100,100]},{"i":{"x":[0.5,0.5,0.5],"y":[1,1,1]},"o":{"x":[0.001,0.001,0.001],"y":[0,0,0]},"t":30,"s":[100,100,100],"e":[111.298,100,100]},{"i":{"x":[0.5,0.5,0.5],"y":[1,1,1]},"o":{"x":[0.5,0.5,0.5],"y":[0,0,0]},"t":36.25,"s":[111.298,100,100],"e":[97.866,100,100]},{"i":{"x":[0.833,0.833,0.833],"y":[0.833,1,1]},"o":{"x":[0.5,0.5,0.5],"y":[0,0,0]},"t":48.75,"s":[97.866,100,100],"e":[100,100,100]},{"i":{"x":[0.833,0.833,0.833],"y":[0.833,0.833,0.833]},"o":{"x":[0.167,0.167,0.167],"y":[0.167,0.167,0.167]},"t":60,"s":[100,100,100],"e":[100,100,100]},{"t":90}],"ix":6}},"ao":0,"w":701,"h":701,"ip":0,"op":15,"st":0,"bm":0},{"ddd":0,"ind":7,"ty":0,"nm":"huang","refId":"comp_4","sr":1,"ks":{"o":{"a":0,"k":100,"ix":11},"r":{"a":0,"k":0,"ix":10},"p":{"a":1,"k":[{"i":{"x":0.833,"y":0.833},"o":{"x":0.167,"y":0.167},"t":0,"s":[800,600,0],"e":[760,600,0],"to":[-6.667,0,0],"ti":[0,0,0]},{"i":{"x":0.999,"y":1},"o":{"x":0.167,"y":0.167},"t":15,"s":[760,600,0],"e":[800,600,0],"to":[0,0,0],"ti":[-7.435,0,0]},{"i":{"x":0.5,"y":1},"o":{"x":0.001,"y":0},"t":30,"s":[800,600,0],"e":[804.611,600,0],"to":[7.435,0,0],"ti":[0.145,0,0]},{"i":{"x":0.5,"y":1},"o":{"x":0.5,"y":0},"t":36.25,"s":[804.611,600,0],"e":[799.129,600,0],"to":[-0.145,0,0],"ti":[0.769,0,0]},{"i":{"x":0.833,"y":0.833},"o":{"x":0.5,"y":0},"t":48.75,"s":[799.129,600,0],"e":[800,600,0],"to":[-0.769,0,0],"ti":[-0.145,0,0]},{"i":{"x":0.833,"y":0.833},"o":{"x":0.167,"y":0.167},"t":60,"s":[800,600,0],"e":[800,600,0],"to":[0,0,0],"ti":[0,0,0]},{"t":90}],"ix":2},"a":{"a":0,"k":[350,350,0],"ix":1},"s":{"a":1,"k":[{"i":{"x":[0.833,0.833,0.833],"y":[0.833,0.833,0.833]},"o":{"x":[0.167,0.167,0.167],"y":[0.167,0.167,0.167]},"t":0,"s":[100,100,100],"e":[2,100,100]},{"i":{"x":[0.999,0.999,0.999],"y":[1,1,1]},"o":{"x":[0.167,0.167,0.167],"y":[0.167,0,0]},"t":15,"s":[2,100,100],"e":[100,100,100]},{"i":{"x":[0.5,0.5,0.5],"y":[1,1,1]},"o":{"x":[0.001,0.001,0.001],"y":[0,0,0]},"t":30,"s":[100,100,100],"e":[111.298,100,100]},{"i":{"x":[0.5,0.5,0.5],"y":[1,1,1]},"o":{"x":[0.5,0.5,0.5],"y":[0,0,0]},"t":36.25,"s":[111.298,100,100],"e":[97.866,100,100]},{"i":{"x":[0.833,0.833,0.833],"y":[0.833,1,1]},"o":{"x":[0.5,0.5,0.5],"y":[0,0,0]},"t":48.75,"s":[97.866,100,100],"e":[100,100,100]},{"i":{"x":[0.833,0.833,0.833],"y":[0.833,0.833,0.833]},"o":{"x":[0.167,0.167,0.167],"y":[0.167,0.167,0.167]},"t":60,"s":[100,100,100],"e":[100,100,100]},{"t":90}],"ix":6}},"ao":0,"w":701,"h":701,"ip":15,"op":60,"st":0,"bm":0},{"ddd":0,"ind":8,"ty":4,"nm":"形状图层 1","sr":1,"ks":{"o":{"a":0,"k":100,"ix":11},"r":{"a":0,"k":0,"ix":10},"p":{"a":0,"k":[800,600,0],"ix":2},"a":{"a":0,"k":[-343.434,-43.926,0],"ix":1},"s":{"a":1,"k":[{"i":{"x":[0.833,0.833,0.833],"y":[0.833,0.833,0.833]},"o":{"x":[0.167,0.167,0.167],"y":[0.167,0.167,0.167]},"t":0,"s":[0,100,100],"e":[100,100,100]},{"i":{"x":[0.999,0.999,0.999],"y":[1,1,1]},"o":{"x":[0.167,0.167,0.167],"y":[0.167,0,0]},"t":15,"s":[100,100,100],"e":[0,100,100]},{"i":{"x":[0.5,0.5,0.5],"y":[1,1,1]},"o":{"x":[0.001,0.001,0.001],"y":[0,0,0]},"t":30,"s":[0,100,100],"e":[-11.528,100,100]},{"i":{"x":[0.5,0.5,0.5],"y":[1,1,1]},"o":{"x":[0.5,0.5,0.5],"y":[0,0,0]},"t":36.25,"s":[-11.528,100,100],"e":[2.177,100,100]},{"i":{"x":[0.833,0.833,0.833],"y":[0.833,1,1]},"o":{"x":[0.5,0.5,0.5],"y":[0,0,0]},"t":48.75,"s":[2.177,100,100],"e":[0,100,100]},{"i":{"x":[0.833,0.833,0.833],"y":[0.833,0.833,0.833]},"o":{"x":[0.167,0.167,0.167],"y":[0.167,0.167,0.167]},"t":60,"s":[0,100,100],"e":[0,100,100]},{"i":{"x":[0.833,0.833,0.833],"y":[0.833,0.833,0.833]},"o":{"x":[0.167,0.167,0.167],"y":[0.167,0.167,0.167]},"t":90,"s":[0,100,100],"e":[100,100,100]},{"i":{"x":[0.833,0.833,0.833],"y":[0.833,0.833,0.833]},"o":{"x":[0.167,0.167,0.167],"y":[0.167,0.167,0.167]},"t":105,"s":[100,100,100],"e":[0,100,100]},{"t":120}],"ix":6}},"ao":0,"shapes":[{"ty":"gr","it":[{"ty":"rc","d":1,"s":{"a":0,"k":[80,700],"ix":2},"p":{"a":0,"k":[0,0],"ix":3},"r":{"a":0,"k":0,"ix":4},"nm":"矩形路径 1","mn":"ADBE Vector Shape - Rect","hd":false},{"ty":"fl","c":{"a":0,"k":[0.976470588235,0.819607843137,0.43137254902,1],"ix":4},"o":{"a":0,"k":100,"ix":5},"r":1,"bm":0,"nm":"填充 1","mn":"ADBE Vector Graphic - Fill","hd":false},{"ty":"tr","p":{"a":0,"k":[-343.434,-43.926],"ix":2},"a":{"a":0,"k":[0,0],"ix":1},"s":{"a":0,"k":[100,100],"ix":3},"r":{"a":0,"k":0,"ix":6},"o":{"a":0,"k":100,"ix":7},"sk":{"a":0,"k":0,"ix":4},"sa":{"a":0,"k":0,"ix":5},"nm":"变换"}],"nm":"矩形 1","np":3,"cix":2,"bm":0,"ix":1,"mn":"ADBE Vector Group","hd":false}],"ip":0,"op":600,"st":0,"bm":0}]},{"id":"comp_1","layers":[{"ddd":0,"ind":1,"ty":4,"nm":"“图层 9”轮廓","sr":1,"ks":{"o":{"a":0,"k":100,"ix":11},"r":{"a":0,"k":0,"ix":10},"p":{"a":0,"k":[350,556,0],"ix":2},"a":{"a":0,"k":[100.25,115.25,0],"ix":1},"s":{"a":0,"k":[100,100,100],"ix":6}},"ao":0,"shapes":[{"ty":"gr","it":[{"ind":0,"ty":"sh","ix":1,"ks":{"a":1,"k":[{"i":{"x":0.833,"y":0.833},"o":{"x":0.167,"y":0.167},"t":45,"s":[{"i":[[55.229,0],[0,0],[0,55.229],[0,0],[0,0],[0,0]],"o":[[0,0],[-55.229,0],[0,0],[0,0],[0,0],[0,55.229]],"v":[[0,105],[0,105],[-100,5],[-100,-75],[100,-75],[100,5]],"c":true}],"e":[{"i":[[55.229,0],[0,0],[0,55.229],[0,0],[0,0],[0,0]],"o":[[0,0],[-55.229,0],[0,0],[0,0],[0,0],[0,55.229]],"v":[[0,35],[0,35],[-100,-65],[-100,-75],[100,-75],[100,-65]],"c":true}]},{"i":{"x":0.833,"y":0.833},"o":{"x":0.167,"y":0.167},"t":60,"s":[{"i":[[55.229,0],[0,0],[0,55.229],[0,0],[0,0],[0,0]],"o":[[0,0],[-55.229,0],[0,0],[0,0],[0,0],[0,55.229]],"v":[[0,35],[0,35],[-100,-65],[-100,-75],[100,-75],[100,-65]],"c":true}],"e":[{"i":[[55.229,0],[0,0],[0,55.229],[0,0],[0,0],[0,0]],"o":[[0,0],[-55.229,0],[0,0],[0,0],[0,0],[0,55.229]],"v":[[0,35],[0,35],[-100,-65],[-100,-75],[100,-75],[100,-65]],"c":true}]},{"i":{"x":0.999,"y":1},"o":{"x":0.167,"y":0.167},"t":105,"s":[{"i":[[55.229,0],[0,0],[0,55.229],[0,0],[0,0],[0,0]],"o":[[0,0],[-55.229,0],[0,0],[0,0],[0,0],[0,55.229]],"v":[[0,35],[0,35],[-100,-65],[-100,-75],[100,-75],[100,-65]],"c":true}],"e":[{"i":[[55.229,0],[0,0],[0,55.229],[0,0],[0,0],[0,0]],"o":[[0,0],[-55.229,0],[0,0],[0,0],[0,0],[0,55.229]],"v":[[0,105],[0,105],[-100,5],[-100,-75],[100,-75],[100,5]],"c":true}]},{"i":{"x":0.5,"y":1},"o":{"x":0.001,"y":0},"t":120,"s":[{"i":[[55.229,0],[0,0],[0,55.229],[0,0],[0,0],[0,0]],"o":[[0,0],[-55.229,0],[0,0],[0,0],[0,0],[0,55.229]],"v":[[0,105],[0,105],[-100,5],[-100,-75],[100,-75],[100,5]],"c":true}],"e":[{"i":[[55.229,0],[0,0],[0,55.229],[0,0],[0,0],[0,0]],"o":[[0,0],[-55.229,0],[0,0],[0,0],[0,0],[0,55.229]],"v":[[0,118.515],[0,118.515],[-100,18.515],[-100,-75],[100,-75],[100,18.515]],"c":true}]},{"i":{"x":0.5,"y":1},"o":{"x":0.5,"y":0},"t":127.5,"s":[{"i":[[55.229,0],[0,0],[0,55.229],[0,0],[0,0],[0,0]],"o":[[0,0],[-55.229,0],[0,0],[0,0],[0,0],[0,55.229]],"v":[[0,118.515],[0,118.515],[-100,18.515],[-100,-75],[100,-75],[100,18.515]],"c":true}],"e":[{"i":[[55.229,0],[0,0],[0,55.229],[0,0],[0,0],[0,0]],"o":[[0,0],[-55.229,0],[0,0],[0,0],[0,0],[0,55.229]],"v":[[0,100.028],[0,100.028],[-100,0.028],[-100,-75],[100,-75],[100,0.028]],"c":true}]},{"i":{"x":0.5,"y":1},"o":{"x":0.5,"y":0},"t":142.5,"s":[{"i":[[55.229,0],[0,0],[0,55.229],[0,0],[0,0],[0,0]],"o":[[0,0],[-55.229,0],[0,0],[0,0],[0,0],[0,55.229]],"v":[[0,100.028],[0,100.028],[-100,0.028],[-100,-75],[100,-75],[100,0.028]],"c":true}],"e":[{"i":[[55.229,0],[0,0],[0,55.229],[0,0],[0,0],[0,0]],"o":[[0,0],[-55.229,0],[0,0],[0,0],[0,0],[0,55.229]],"v":[[0,106.829],[0,106.829],[-100,6.829],[-100,-75],[100,-75],[100,6.829]],"c":true}]},{"i":{"x":0.833,"y":0.833},"o":{"x":0.5,"y":0},"t":157.5,"s":[{"i":[[55.229,0],[0,0],[0,55.229],[0,0],[0,0],[0,0]],"o":[[0,0],[-55.229,0],[0,0],[0,0],[0,0],[0,55.229]],"v":[[0,106.829],[0,106.829],[-100,6.829],[-100,-75],[100,-75],[100,6.829]],"c":true}],"e":[{"i":[[55.229,0],[0,0],[0,55.229],[0,0],[0,0],[0,0]],"o":[[0,0],[-55.229,0],[0,0],[0,0],[0,0],[0,55.229]],"v":[[0,105],[0,105],[-100,5],[-100,-75],[100,-75],[100,5]],"c":true}]},{"t":165}],"ix":2},"nm":"路径 1","mn":"ADBE Vector Shape - Group","hd":false},{"ty":"fl","c":{"a":0,"k":[0.976000019148,0.39199999641,0.475,1],"ix":4},"o":{"a":0,"k":100,"ix":5},"r":1,"bm":0,"nm":"填充 1","mn":"ADBE Vector Graphic - Fill","hd":false},{"ty":"tr","p":{"a":0,"k":[100.25,115.25],"ix":2},"a":{"a":0,"k":[0,0],"ix":1},"s":{"a":0,"k":[100,100],"ix":3},"r":{"a":0,"k":0,"ix":6},"o":{"a":0,"k":100,"ix":7},"sk":{"a":0,"k":0,"ix":4},"sa":{"a":0,"k":0,"ix":5},"nm":"变换"}],"nm":"组 1","np":2,"cix":2,"bm":0,"ix":1,"mn":"ADBE Vector Group","hd":false}],"ip":0,"op":600,"st":0,"bm":0},{"ddd":0,"ind":2,"ty":4,"nm":"“图层 10”轮廓","sr":1,"ks":{"o":{"a":0,"k":100,"ix":11},"r":{"a":0,"k":0,"ix":10},"p":{"a":0,"k":[490,259,0],"ix":2},"a":{"a":0,"k":[60.25,60.25,0],"ix":1},"s":{"a":0,"k":[100,100,100],"ix":6}},"ao":0,"shapes":[{"ty":"gr","it":[{"ind":0,"ty":"sh","ix":1,"ks":{"a":0,"k":{"i":[[0,-33.137],[33.137,0],[0,33.137],[-33.137,0]],"o":[[0,33.137],[-33.137,0],[0,-33.137],[33.137,0]],"v":[[60,0],[0,60],[-60,0],[0,-60]],"c":true},"ix":2},"nm":"路径 1","mn":"ADBE Vector Shape - Group","hd":false},{"ty":"fl","c":{"a":0,"k":[0.380000005984,0.250999989229,0.187999994615,1],"ix":4},"o":{"a":0,"k":100,"ix":5},"r":1,"bm":0,"nm":"填充 1","mn":"ADBE Vector Graphic - Fill","hd":false},{"ty":"tr","p":{"a":0,"k":[60.25,60.25],"ix":2},"a":{"a":0,"k":[0,0],"ix":1},"s":{"a":0,"k":[100,100],"ix":3},"r":{"a":0,"k":0,"ix":6},"o":{"a":0,"k":100,"ix":7},"sk":{"a":0,"k":0,"ix":4},"sa":{"a":0,"k":0,"ix":5},"nm":"变换"}],"nm":"组 1","np":2,"cix":2,"bm":0,"ix":1,"mn":"ADBE Vector Group","hd":false}],"ip":0,"op":600,"st":0,"bm":0},{"ddd":0,"ind":3,"ty":4,"nm":"“图层 11”轮廓","sr":1,"ks":{"o":{"a":0,"k":100,"ix":11},"r":{"a":0,"k":0,"ix":10},"p":{"a":0,"k":[210,259,0],"ix":2},"a":{"a":0,"k":[60.25,60.25,0],"ix":1},"s":{"a":0,"k":[100,100,100],"ix":6}},"ao":0,"shapes":[{"ty":"gr","it":[{"ind":0,"ty":"sh","ix":1,"ks":{"a":0,"k":{"i":[[0,-33.137],[33.137,0],[0,33.137],[-33.137,0]],"o":[[0,33.137],[-33.137,0],[0,-33.137],[33.137,0]],"v":[[60,0],[0,60],[-60,0],[0,-60]],"c":true},"ix":2},"nm":"路径 1","mn":"ADBE Vector Shape - Group","hd":false},{"ty":"fl","c":{"a":0,"k":[0.380000005984,0.250999989229,0.187999994615,1],"ix":4},"o":{"a":0,"k":100,"ix":5},"r":1,"bm":0,"nm":"填充 1","mn":"ADBE Vector Graphic - Fill","hd":false},{"ty":"tr","p":{"a":0,"k":[60.25,60.25],"ix":2},"a":{"a":0,"k":[0,0],"ix":1},"s":{"a":0,"k":[100,100],"ix":3},"r":{"a":0,"k":0,"ix":6},"o":{"a":0,"k":100,"ix":7},"sk":{"a":0,"k":0,"ix":4},"sa":{"a":0,"k":0,"ix":5},"nm":"变换"}],"nm":"组 1","np":2,"cix":2,"bm":0,"ix":1,"mn":"ADBE Vector Group","hd":false}],"ip":0,"op":600,"st":0,"bm":0},{"ddd":0,"ind":4,"ty":4,"nm":"“图层 12”轮廓","sr":1,"ks":{"o":{"a":0,"k":100,"ix":11},"r":{"a":0,"k":0,"ix":10},"p":{"a":0,"k":[350.5,510.5,0],"ix":2},"a":{"a":0,"k":[200.343,100.25,0],"ix":1},"s":{"a":0,"k":[100,100,100],"ix":6}},"ao":0,"shapes":[{"ty":"gr","it":[{"ind":0,"ty":"sh","ix":1,"ks":{"a":0,"k":{"i":[[0,0],[-1.038,-11.66],[-76.318,0],[-11.365,127.625],[11.706,0]],"o":[[-11.706,0],[11.366,127.625],[76.318,0],[1.038,-11.66],[0,0]],"v":[[-179.121,-100],[-199.055,-78.322],[0,100],[199.055,-78.322],[179.121,-100]],"c":true},"ix":2},"nm":"路径 1","mn":"ADBE Vector Shape - Group","hd":false},{"ty":"fl","c":{"a":0,"k":[0.380000005984,0.250999989229,0.187999994615,1],"ix":4},"o":{"a":0,"k":100,"ix":5},"r":1,"bm":0,"nm":"填充 1","mn":"ADBE Vector Graphic - Fill","hd":false},{"ty":"tr","p":{"a":0,"k":[200.343,100.25],"ix":2},"a":{"a":0,"k":[0,0],"ix":1},"s":{"a":0,"k":[100,100],"ix":3},"r":{"a":0,"k":0,"ix":6},"o":{"a":0,"k":100,"ix":7},"sk":{"a":0,"k":0,"ix":4},"sa":{"a":0,"k":0,"ix":5},"nm":"变换"}],"nm":"组 1","np":2,"cix":2,"bm":0,"ix":1,"mn":"ADBE Vector Group","hd":false}],"ip":0,"op":600,"st":0,"bm":0},{"ddd":0,"ind":5,"ty":4,"nm":"“图层 13”轮廓","sr":1,"ks":{"o":{"a":0,"k":100,"ix":11},"r":{"a":0,"k":0,"ix":10},"p":{"a":0,"k":[350.5,350.5,0],"ix":2},"a":{"a":0,"k":[350.25,350.25,0],"ix":1},"s":{"a":0,"k":[100,100,100],"ix":6}},"ao":0,"shapes":[{"ty":"gr","it":[{"ind":0,"ty":"sh","ix":1,"ks":{"a":0,"k":{"i":[[0,-193.3],[193.3,0],[0,193.3],[-193.3,0]],"o":[[0,193.3],[-193.3,0],[0,-193.3],[193.3,0]],"v":[[350,0],[0,350],[-350,0],[0,-350]],"c":true},"ix":2},"nm":"路径 1","mn":"ADBE Vector Shape - Group","hd":false},{"ty":"fl","c":{"a":0,"k":[0.976000019148,0.819999964097,0.430999995213,1],"ix":4},"o":{"a":0,"k":100,"ix":5},"r":1,"bm":0,"nm":"填充 1","mn":"ADBE Vector Graphic - Fill","hd":false},{"ty":"tr","p":{"a":0,"k":[350.25,350.25],"ix":2},"a":{"a":0,"k":[0,0],"ix":1},"s":{"a":0,"k":[100,100],"ix":3},"r":{"a":0,"k":0,"ix":6},"o":{"a":0,"k":100,"ix":7},"sk":{"a":0,"k":0,"ix":4},"sa":{"a":0,"k":0,"ix":5},"nm":"变换"}],"nm":"组 1","np":2,"cix":2,"bm":0,"ix":1,"mn":"ADBE Vector Group","hd":false}],"ip":0,"op":600,"st":0,"bm":0}]},{"id":"comp_2","layers":[{"ddd":0,"ind":1,"ty":0,"nm":"liugang","refId":"comp_3","sr":1,"ks":{"o":{"a":0,"k":100,"ix":11},"r":{"a":0,"k":0,"ix":10},"p":{"a":0,"k":[350.5,350.5,0],"ix":2},"a":{"a":0,"k":[350.5,350.5,0],"ix":1},"s":{"a":0,"k":[100,100,100],"ix":6}},"ao":0,"hasMask":true,"masksProperties":[{"inv":false,"mode":"f","pt":{"a":0,"k":{"i":[[4.11,62.683],[45.1,-9.804],[9.331,-5.397],[0,0],[24.263,0],[17,9],[0,0],[14.309,3.111],[3.922,-59.807],[-119.614,0],[-11.765,95.103],[-15.078,5.623],[0,0],[-8.249,-3.076],[-3.207,-25.926],[-39.218,0]],"o":[[-3.922,-59.807],[-14.309,3.111],[0,0],[-17,9],[-24.263,0],[0,0],[-9.331,-5.397],[-45.1,-9.804],[-4.11,62.683],[39.218,0],[3.207,-25.926],[8.249,-3.076],[0,0],[15.078,5.623],[11.765,95.103],[119.614,0]],"v":[[637.42,234.031],[441.331,186.969],[405.933,199.08],[405.933,199.08],[348,213.043],[290.067,199.08],[290.067,199.08],[254.669,186.969],[58.58,234.031],[177.019,403.647],[304.476,312.466],[332.385,243.616],[348,241.043],[363.615,243.616],[391.524,312.466],[518.981,403.647]],"c":true},"ix":1},"o":{"a":0,"k":100,"ix":3},"x":{"a":0,"k":0,"ix":4},"nm":"蒙版 1"}],"w":701,"h":701,"ip":0,"op":600,"st":0,"bm":0},{"ddd":0,"ind":2,"ty":4,"nm":"“图层 6”轮廓","sr":1,"ks":{"o":{"a":0,"k":100,"ix":11},"r":{"a":0,"k":0,"ix":10},"p":{"a":0,"k":[350,291.034,0],"ix":2},"a":{"a":0,"k":[293.78,116.922,0],"ix":1},"s":{"a":0,"k":[100,100,100],"ix":6}},"ao":0,"shapes":[{"ty":"gr","it":[{"ind":0,"ty":"sh","ix":1,"ks":{"a":0,"k":{"i":[[4.11,62.683],[45.101,-9.804],[9.331,-5.397],[24.264,0],[17,9],[14.31,3.111],[3.921,-59.807],[-119.615,0],[-11.765,95.102],[-15.079,5.623],[0,0],[-8.249,-3.076],[-3.208,-25.927],[-39.218,0]],"o":[[-3.922,-59.807],[-14.309,3.111],[-17,9],[-24.264,0],[-9.331,-5.397],[-45.1,-9.804],[-4.111,62.683],[39.217,0],[3.208,-25.927],[8.249,-3.076],[0,0],[15.078,5.623],[11.765,95.102],[119.614,0]],"v":[[289.42,-56.866],[93.331,-103.927],[57.933,-91.817],[0,-77.854],[-57.933,-91.817],[-93.331,-103.927],[-289.419,-56.866],[-170.981,112.75],[-43.524,21.57],[-15.615,-47.281],[0,-49.854],[15.615,-47.281],[43.524,21.57],[170.982,112.75]],"c":true},"ix":2},"nm":"路径 1","mn":"ADBE Vector Shape - Group","hd":false},{"ty":"fl","c":{"a":0,"k":[0.270999983245,0.286000001197,0.289999988032,1],"ix":4},"o":{"a":0,"k":100,"ix":5},"r":1,"bm":0,"nm":"填充 1","mn":"ADBE Vector Graphic - Fill","hd":false},{"ty":"tr","p":{"a":0,"k":[293.78,116.923],"ix":2},"a":{"a":0,"k":[0,0],"ix":1},"s":{"a":0,"k":[100,100],"ix":3},"r":{"a":0,"k":0,"ix":6},"o":{"a":0,"k":100,"ix":7},"sk":{"a":0,"k":0,"ix":4},"sa":{"a":0,"k":0,"ix":5},"nm":"变换"}],"nm":"组 1","np":2,"cix":2,"bm":0,"ix":1,"mn":"ADBE Vector Group","hd":false}],"ip":0,"op":600,"st":0,"bm":0},{"ddd":0,"ind":3,"ty":4,"nm":"“图层 7”轮廓","sr":1,"ks":{"o":{"a":0,"k":100,"ix":11},"r":{"a":0,"k":0,"ix":10},"p":{"a":0,"k":[350,518.5,0],"ix":2},"a":{"a":0,"k":[167.25,56.25,0],"ix":1},"s":{"a":0,"k":[100,100,100],"ix":6}},"ao":0,"shapes":[{"ty":"gr","it":[{"ind":0,"ty":"sh","ix":1,"ks":{"a":0,"k":{"i":[[34,-25],[0,0],[62.758,46.146],[-121,0]],"o":[[-62.758,46.146],[0,0],[-34,-25],[121,0]],"v":[[133,-31],[0,15],[-133,-31],[0,56]],"c":true},"ix":2},"nm":"路径 1","mn":"ADBE Vector Shape - Group","hd":false},{"ty":"fl","c":{"a":0,"k":[0.380000005984,0.250999989229,0.187999994615,1],"ix":4},"o":{"a":0,"k":100,"ix":5},"r":1,"bm":0,"nm":"填充 1","mn":"ADBE Vector Graphic - Fill","hd":false},{"ty":"tr","p":{"a":0,"k":[167.25,56.25],"ix":2},"a":{"a":0,"k":[0,0],"ix":1},"s":{"a":0,"k":[100,100],"ix":3},"r":{"a":0,"k":0,"ix":6},"o":{"a":0,"k":100,"ix":7},"sk":{"a":0,"k":0,"ix":4},"sa":{"a":0,"k":0,"ix":5},"nm":"变换"}],"nm":"组 1","np":2,"cix":2,"bm":0,"ix":1,"mn":"ADBE Vector Group","hd":false}],"ip":0,"op":600,"st":0,"bm":0},{"ddd":0,"ind":4,"ty":4,"nm":"“图层 8”轮廓 2","sr":1,"ks":{"o":{"a":0,"k":100,"ix":11},"r":{"a":0,"k":0,"ix":10},"p":{"a":0,"k":[350.5,350.5,0],"ix":2},"a":{"a":0,"k":[350.25,350.25,0],"ix":1},"s":{"a":0,"k":[100,100,100],"ix":6}},"ao":0,"shapes":[{"ty":"gr","it":[{"ind":0,"ty":"sh","ix":1,"ks":{"a":0,"k":{"i":[[0,-193.3],[193.3,0],[0,193.3],[-193.3,0]],"o":[[0,193.3],[-193.3,0],[0,-193.3],[193.3,0]],"v":[[350,0],[0,350],[-350,0],[0,-350]],"c":true},"ix":2},"nm":"路径 1","mn":"ADBE Vector Shape - Group","hd":false},{"ty":"fl","c":{"a":0,"k":[0.976000019148,0.819999964097,0.430999995213,1],"ix":4},"o":{"a":0,"k":100,"ix":5},"r":1,"bm":0,"nm":"填充 1","mn":"ADBE Vector Graphic - Fill","hd":false},{"ty":"tr","p":{"a":0,"k":[350.25,350.25],"ix":2},"a":{"a":0,"k":[0,0],"ix":1},"s":{"a":0,"k":[100,100],"ix":3},"r":{"a":0,"k":0,"ix":6},"o":{"a":0,"k":100,"ix":7},"sk":{"a":0,"k":0,"ix":4},"sa":{"a":0,"k":0,"ix":5},"nm":"变换"}],"nm":"组 1","np":2,"cix":2,"bm":0,"ix":1,"mn":"ADBE Vector Group","hd":false}],"ip":0,"op":600,"st":0,"bm":0}]},{"id":"comp_3","layers":[{"ddd":0,"ind":1,"ty":4,"nm":"形状图层 2","sr":1,"ks":{"o":{"a":1,"k":[{"i":{"x":[0.5],"y":[1]},"o":{"x":[0.167],"y":[0.333]},"t":30,"s":[0],"e":[50]},{"i":{"x":[0.5],"y":[1]},"o":{"x":[0.167],"y":[0]},"t":50,"s":[50],"e":[50]},{"i":{"x":[0.5],"y":[1]},"o":{"x":[0.167],"y":[0.333]},"t":60,"s":[50],"e":[0]},{"t":80}],"ix":11},"r":{"a":0,"k":25,"ix":10},"p":{"a":1,"k":[{"i":{"x":0.5,"y":1},"o":{"x":0.167,"y":0.168},"t":30,"s":[379.715,284.414,0],"e":[620.715,284.414,0],"to":[40.167,0,0],"ti":[-40.167,0,0]},{"t":80}],"ix":2},"a":{"a":0,"k":[-308.785,-66.086,0],"ix":1},"s":{"a":0,"k":[100,100,100],"ix":6}},"ao":0,"shapes":[{"ty":"gr","it":[{"ty":"rc","d":1,"s":{"a":0,"k":[70,316.828],"ix":2},"p":{"a":0,"k":[0,0],"ix":3},"r":{"a":0,"k":0,"ix":4},"nm":"矩形路径 1","mn":"ADBE Vector Shape - Rect","hd":false},{"ty":"fl","c":{"a":0,"k":[1,1,1,1],"ix":4},"o":{"a":0,"k":100,"ix":5},"r":1,"bm":0,"nm":"填充 1","mn":"ADBE Vector Graphic - Fill","hd":false},{"ty":"tr","p":{"a":0,"k":[-308.785,-66.086],"ix":2},"a":{"a":0,"k":[0,0],"ix":1},"s":{"a":0,"k":[100,100],"ix":3},"r":{"a":0,"k":0,"ix":6},"o":{"a":0,"k":100,"ix":7},"sk":{"a":0,"k":0,"ix":4},"sa":{"a":0,"k":0,"ix":5},"nm":"变换"}],"nm":"矩形 1","np":3,"cix":2,"bm":0,"ix":1,"mn":"ADBE Vector Group","hd":false}],"ip":0,"op":600,"st":0,"bm":0},{"ddd":0,"ind":2,"ty":4,"nm":"形状图层 1","sr":1,"ks":{"o":{"a":1,"k":[{"i":{"x":[0.5],"y":[1]},"o":{"x":[0.167],"y":[0.333]},"t":30,"s":[0],"e":[50]},{"i":{"x":[0.5],"y":[1]},"o":{"x":[0.167],"y":[0]},"t":50,"s":[50],"e":[50]},{"i":{"x":[0.5],"y":[1]},"o":{"x":[0.167],"y":[0.333]},"t":60,"s":[50],"e":[0]},{"t":80}],"ix":11},"r":{"a":0,"k":25,"ix":10},"p":{"a":1,"k":[{"i":{"x":0.5,"y":1},"o":{"x":0.167,"y":0.168},"t":30,"s":[57.715,284.414,0],"e":[298.715,284.414,0],"to":[40.167,0,0],"ti":[-40.167,0,0]},{"t":80}],"ix":2},"a":{"a":0,"k":[-308.785,-66.086,0],"ix":1},"s":{"a":0,"k":[100,100,100],"ix":6}},"ao":0,"shapes":[{"ty":"gr","it":[{"ty":"rc","d":1,"s":{"a":0,"k":[70,316.828],"ix":2},"p":{"a":0,"k":[0,0],"ix":3},"r":{"a":0,"k":0,"ix":4},"nm":"矩形路径 1","mn":"ADBE Vector Shape - Rect","hd":false},{"ty":"fl","c":{"a":0,"k":[1,1,1,1],"ix":4},"o":{"a":0,"k":100,"ix":5},"r":1,"bm":0,"nm":"填充 1","mn":"ADBE Vector Graphic - Fill","hd":false},{"ty":"tr","p":{"a":0,"k":[-308.785,-66.086],"ix":2},"a":{"a":0,"k":[0,0],"ix":1},"s":{"a":0,"k":[100,100],"ix":3},"r":{"a":0,"k":0,"ix":6},"o":{"a":0,"k":100,"ix":7},"sk":{"a":0,"k":0,"ix":4},"sa":{"a":0,"k":0,"ix":5},"nm":"变换"}],"nm":"矩形 1","np":3,"cix":2,"bm":0,"ix":1,"mn":"ADBE Vector Group","hd":false}],"ip":0,"op":600,"st":0,"bm":0}]},{"id":"comp_4","layers":[{"ddd":0,"ind":1,"ty":4,"nm":"“图层 13”轮廓","sr":1,"ks":{"o":{"a":0,"k":100,"ix":11},"r":{"a":0,"k":0,"ix":10},"p":{"a":0,"k":[350.5,350.5,0],"ix":2},"a":{"a":0,"k":[350.25,350.25,0],"ix":1},"s":{"a":0,"k":[100,100,100],"ix":6}},"ao":0,"shapes":[{"ty":"gr","it":[{"ind":0,"ty":"sh","ix":1,"ks":{"a":0,"k":{"i":[[0,-193.3],[193.3,0],[0,193.3],[-193.3,0]],"o":[[0,193.3],[-193.3,0],[0,-193.3],[193.3,0]],"v":[[350,0],[0,350],[-350,0],[0,-350]],"c":true},"ix":2},"nm":"路径 1","mn":"ADBE Vector Shape - Group","hd":false},{"ty":"fl","c":{"a":0,"k":[0.976000019148,0.819999964097,0.430999995213,1],"ix":4},"o":{"a":0,"k":100,"ix":5},"r":1,"bm":0,"nm":"填充 1","mn":"ADBE Vector Graphic - Fill","hd":false},{"ty":"tr","p":{"a":0,"k":[350.25,350.25],"ix":2},"a":{"a":0,"k":[0,0],"ix":1},"s":{"a":0,"k":[100,100],"ix":3},"r":{"a":0,"k":0,"ix":6},"o":{"a":0,"k":100,"ix":7},"sk":{"a":0,"k":0,"ix":4},"sa":{"a":0,"k":0,"ix":5},"nm":"变换"}],"nm":"组 1","np":2,"cix":2,"bm":0,"ix":1,"mn":"ADBE Vector Group","hd":false}],"ip":0,"op":600,"st":0,"bm":0}]}],"layers":[{"ddd":0,"ind":1,"ty":0,"nm":"预合成 1","refId":"comp_0","sr":1,"ks":{"o":{"a":0,"k":100,"ix":11},"r":{"a":0,"k":0,"ix":10},"p":{"a":1,"k":[{"i":{"x":0.75,"y":1},"o":{"x":0.25,"y":0},"t":0,"s":[800,560,0],"e":[800,640,0],"to":[0,13.333,0],"ti":[0,0,0]},{"i":{"x":0.75,"y":1},"o":{"x":0.25,"y":0},"t":90,"s":[800,640,0],"e":[800,560,0],"to":[0,0,0],"ti":[0,13.333,0]},{"t":180}],"ix":2},"a":{"a":0,"k":[800,600,0],"ix":1},"s":{"a":0,"k":[100,100,100],"ix":6}},"ao":0,"w":1600,"h":1200,"ip":0,"op":600,"st":0,"bm":0}],"markers":[]}